ISBN,Book-Title,Book-Author,Year-Of-Publication,Publisher
0440234743,The Testament,John Grisham,1999,Dell
0452264464,Beloved (Plume Contemporary Fiction),Toni Morrison,1994,Plume
0971880107,Wild Animus,Rich Shapero,2004,Too Far
0345402871,Airframe,Michael Crichton,1997,Ballantine Books
0345417623,Timeline,MICHAEL CRICHTON,2000,Ballantine Books
0446310786,To Kill a Mockingbird,Harper Lee,1988,Little Brown &amp; Company
0449005615,Seabiscuit: An American Legend,LAURA HILLENBRAND,2002,Ballantine Books
0671888587,I'll Be Seeing You,Mary Higgins Clark,1994,Pocket
0553582747,From the Corner of His Eye,Dean Koontz,2001,Bantam Books
0425182908,Isle of Dogs,Patricia Cornwell,2002,Berkley Publishing Group
042518630X,Purity in Death,J.D. Robb,2002,Berkley Publishing Group
0842342702,Left Behind: A Novel of the Earth's Last Days (Left Behind #1),Tim Lahaye,2000,Tyndale House Publishers
0440225701,The Street Lawyer,JOHN GRISHAM,1999,Dell
042511774X,Breathing Lessons,Anne Tyler,1994,Berkley Publishing Group
0804106304,The Joy Luck Club,Amy Tan,1994,Prentice Hall (K-12)
0140067477,The Tao of Pooh,Benjamin Hoff,1983,Penguin Books
0345465083,Seabiscuit,LAURA HILLENBRAND,2003,Ballantine Books
1558531025,Life's Little Instruction Book (Life's Little Instruction Books (Paperback)),H. Jackson Brown,1991,Thomas Nelson
0316769487,The Catcher in the Rye,J.D. Salinger,1991,"Little, Brown"
0679429220,Midnight in the Garden of Good and Evil: A Savannah Story,John Berendt,1994,Random House
0671867156,Pretend You Don't See Her,Mary Higgins Clark,1998,Pocket
0451166892,The Pillars of the Earth,Ken Follett,1996,Signet Book
067976397X,Corelli's Mandolin : A Novel,LOUIS DE BERNIERES,1995,Vintage
0786868716,The Five People You Meet in Heaven,Mitch Albom,2003,Hyperion
0446612545,The Beach House,James Patterson,2003,Warner Books
0671027360,Angels &amp; Demons,Dan Brown,2001,Pocket Star
0743439740,"Every Breath You Take : A True Story of Obsession, Revenge, and Murder",Ann Rule,2002,Pocket
0671042858,The Girl Who Loved Tom Gordon,Stephen King,2000,Pocket
0425184226,The Sum of All Fears,Tom Clancy,2002,Berkley Publishing Group
0060976845,Little Altars Everywhere: A Novel,Rebecca Wells,1996,Perennial
0671004573,Before I Say Good-Bye,Mary Higgins Clark,2001,Pocket
038572179X,Atonement : A Novel,IAN MCEWAN,2003,Anchor
0553583468,"Whisper of Evil (Hooper, Kay. Evil Trilogy.)",Kay Hooper,2002,Bantam Books
0380778556,Rebecca,Daphne Du Maurier,1994,Avon
0446527165,Wish You Well,David Baldacci,2000,Warner Books
0330332775,Bridget Jones's Diary,Helen Fielding,1997,Picador (UK)
0060977493,The God of Small Things,Arundhati Roy,1998,Perennial
0316602906,The Big Bad Wolf: A Novel,James Patterson,2003,"Little, Brown"
0316693006,Four Blind Mice,James Patterson,2002,"Little, Brown"
0345378490,Congo,Michael Crichton,1995,Ballantine Books
0375400117,Memoirs of a Geisha,Arthur Golden,1997,Alfred A. Knopf
0375705856,Plainsong (Vintage Contemporaries),KENT HARUF,2000,Vintage
0380717018,Body of Evidence (Kay Scarpetta Mysteries (Paperback)),Patricia D. Cornwell,1992,Avon
0380718332,All That Remains (Kay Scarpetta Mysteries (Paperback)),Patricia D. Cornwell,1993,Avon
0385497466,The Brethren,JOHN GRISHAM,2000,Doubleday
0385508042,The King of Torts,John Grisham,2003,Doubleday Books
0385511612,Bleachers,John Grisham,2003,Doubleday
0385730586,Sisterhood of the Traveling Pants,ANN BRASHARES,2003,Delacorte Books for Young Readers
0446605484,Roses Are Red (Alex Cross Novels),James Patterson,2001,Warner Vision
0446610399,The Rescue,Nicholas Sparks,2001,Warner Books
0449006522,Manhattan Hunt Club,JOHN SAUL,2002,Ballantine Books
0452282152,Girl with a Pearl Earring,Tracy Chevalier,2001,Plume Books
0671027387,Deception Point,Dan Brown,2002,Pocket
0684848783,Tis : A Memoir,Frank McCourt,1999,Scribner
155874262X,Chicken Soup for the Soul (Chicken Soup for the Soul),Jack Canfield,1993,Health Communications
0060987103,Wicked: The Life and Times of the Wicked Witch of the West,Gregory Maguire,1996,Regan Books
0151008116,Life of Pi,Yann Martel,2002,Harcourt
0525947647,Lies and the Lying Liars Who Tell Them: A Fair and Balanced Look at the Right,Al Franken,2003,Dutton Books
0804111359,Secret History,DONNA TARTT,1993,Ballantine Books
1558744150,Chicken Soup for the Woman's Soul (Chicken Soup for the Soul Series (Paper)),Jack Canfield,1996,Health Communications
0316782505,The Weight of Water,Anita Shreve,2001,"Little, Brown"
0451526341,Animal Farm,George Orwell,2004,Signet
0684833395,Catch 22,Joseph Heller,1996,Simon &amp; Schuster
044023722X,A Painted House,John Grisham,2001,Dell Publishing Company
0380730138,Vinegar Hill (Oprah's Book Club (Paperback)),A. Manette Ansay,1998,Perennial
0060188731,Bel Canto,Ann Patchett,2001,HarperCollins Publishers
0142001740,The Secret Life of Bees,Sue Monk Kidd,2003,Penguin Books
0312995423,Digital Fortress : A Thriller,Dan Brown,2003,St. Martin's Press
038542471X,The Client,John Grisham,1993,Doubleday Books
0515128554,Heart of the Sea (Irish Trilogy),Nora Roberts,2000,Jove Books
0380012863,Jonathan Livingston Seagull,Richard Bach,1976,Avon
0671867113,Moonlight Becomes You,Mary Higgins Clark,1997,Pocket
0060173289,Divine Secrets of the Ya-Ya Sisterhood : A Novel,Rebecca Wells,1996,HarperCollins
006101351X,The Perfect Storm : A True Story of Men Against the Sea,Sebastian Junger,1998,HarperTorch
0316666343,The Lovely Bones: A Novel,Alice Sebold,2002,"Little, Brown"
0440224675,Hannibal,Thomas Harris,2000,Dell Publishing Company
0449002632,London : The Novel,EDWARD RUTHERFURD,1998,Fawcett
0553569058,The Robber Bride,Margaret Atwood,1995,Bantam
1878424319,The Four Agreements: A Practical Guide to Personal Freedom,Don Miguel Ruiz,1997,Amber-Allen Publishing
044021145X,The Firm,John Grisham,1992,Bantam Dell Publishing Group
0553210092,The Scarlet Letter,NATHANIEL HAWTHORNE,1965,Bantam
0316168815,The Lovely Bones,Alice Sebold,2004,Back Bay Books
0345424719,A Widow for One Year,JOHN IRVING,1999,Ballantine Books
0375726403,Empire Falls,Richard Russo,2002,Vintage Books USA
0385503857,Oryx and Crake,Margaret Atwood,2003,Nan A. Talese
0440226104,Black and Blue,ANNA QUINDLEN,1999,Dell
0671021001,She's Come Undone (Oprah's Book Club),Wally Lamb,1998,Pocket
0805063897,Nickel and Dimed: On (Not) Getting By in America,Barbara Ehrenreich,2002,Owl Books
0671002481,The First Wives Club Movie Tie In,Olivia Goldsmith,1996,Pocket
0842329129,Left Behind: A Novel of the Earth's Last Days (Left Behind No. 1),Tim Lahaye,1996,Tyndale House Publishers
0060915544,The Bean Trees,Barbara Kingsolver,1989,Perennial
0060932759,Daughter of Fortune,Isabel Allende,2000,Perennial
0312195516,The Red Tent (Bestselling Backlist),Anita Diamant,1998,Picador USA
0312278586,The Nanny Diaries: A Novel,Emma McLaughlin,2002,St. Martin's Press
0380710218,Postmortem,Patricia Daniels Cornwell,1993,Harper Mass Market Paperbacks (Mm)
0515118656,The Cove,Catherine Coulter,1996,Jove Books
0671673688,While My Pretty One Sleeps,Mary Higgins Clark,1990,Pocket
0156027321,Life of Pi,Yann Martel,2003,Harvest Books
0385721420,Three Junes,JULIA GLASS,2003,Anchor
0451202341,Back Roads,Tawni O'Dell,2001,Signet Book
0449907481,A Thousand Acres (Ballantine Reader's Circle),JANE SMILEY,1992,Ballantine Books
080213825X,Four Blondes,Candace Bushnell,2001,Grove Press
0515127833,River's End,Nora Roberts,2003,Jove Books
0345441133,Summer Island,KRISTIN HANNAH,2002,Ballantine Books
0385490992,The Street Lawyer,John Grisham,1998,Doubleday Books
0385424728,The Chamber,John Grisham,1994,Doubleday Books
0385472951,The Partner,John Grisham,1997,Doubleday Books
0425182878,Chosen Prey,John Sandford,2004,Berkley Publishing Group
0553564528,Guilty as Sin,TAMI HOAG,1997,Bantam
055356451X,Night Sins,TAMI HOAG,1995,Bantam
042517736X,Abduction,Robin Cook,2000,Berkley Publishing Group
0345313860,"The Vampire Lestat (Vampire Chronicles, Book II)",ANNE RICE,1986,Ballantine Books
0345369947,The Mummy or Ramses the Damned,Anne Rice,1991,Ballantine Books
0446394521,Daisy Fay and the Miracle Man,Fannie Flagg,1992,Warner Books
068484267X,Angela's Ashes: A Memoir,Frank McCourt,1999,Scribner
0553578693,The Next Accident,LISA GARDNER,2002,Bantam
0345413369,"The Subtle Knife (His Dark Materials, Book 2)",PHILIP PULLMAN,1998,Del Rey
0060938455,Fast Food Nation: The Dark Side of the All-American Meal,Eric Schlosser,2002,Perennial
0440122090,Echoes,Maeve Binchy,1989,Dell
0061009059,One for the Money (Stephanie Plum Novels (Paperback)),Janet Evanovich,1995,HarperTorch
0446364193,Along Came a Spider (Alex Cross Novels),James Patterson,1993,Warner Books
0446519138,Simple Abundance:  A Daybook of Comfort and Joy,Sarah Ban Breathnach,1995,Warner Books
0399144463,Who Moved My Cheese? An Amazing Way to Deal with Change in Your Work and in Your Life,Spencer Johnson,1998,Putnam Pub Group (Paper)
0446672211,Where the Heart Is (Oprah's Book Club (Paperback)),Billie Letts,1998,Warner Books
0140293248,The Girls' Guide to Hunting and Fishing,Melissa Bank,2000,Penguin Books
0142000205,Icy Sparks,Gwyn Hyman Rubio,2001,Penguin Books
0385504209,The Da Vinci Code,Dan Brown,2003,Doubleday
0446525502,The Rescue,Nicholas Sparks,2000,Warner Books
0670892963,Bridget Jones : The Edge of Reason,Helen Fielding,2000,Viking Books
0316789089,The Pilot's Wife : A Novel Tag: Author of the Weight of Water (Oprah's Book Club (Hardcover)),Anita Shreve,1999,"Little, Brown"
0385505833,Skipping Christmas,JOHN GRISHAM,2001,Doubleday
0679442790,The Reader,Bernhard Schlink,1997,Random House
0743206045,Daddy's Little Girl,Mary Higgins Clark,2002,Simon &amp; Schuster
0446523569,Message in a Bottle,Nicholas Sparks,1998,Warner Books
0446527793,The Guardian,Nicholas Sparks,2003,Warner Books
0446531332,Nights in Rodanthe,Nicholas Sparks,2002,Warner Books
0385420161,"Like Water for Chocolate: A Novel in Monthly Installments, With Recipes, Romances, and Home Remedies",Laura Esquivel,1992,Doubleday Books
0345339711,"The Two Towers (The Lord of the Rings, Part 2)",J.R.R. TOLKIEN,1986,Del Rey
0316969443,Suzanne's Diary for Nicholas,James Patterson,2001,"Little, Brown"
0316693200,2nd Chance,James Patterson,2002,"Little, Brown"
0064407667,"The Bad Beginning (A Series of Unfortunate Events, Book 1)",Lemony Snicket,1999,HarperCollins
0316776963,Me Talk Pretty One Day,David Sedaris,2001,Back Bay Books
0451181379,The Door to December,Dean R. Koontz,1994,Signet Book
0425142485,The Funhouse,Dean R. Koontz,1994,Berkley Publishing Group
038529929X,Hannibal,Thomas Harris,1999,Del Sol Press
1573229571,About a Boy (Movie Tie-In),Nick Hornby,2002,Riverhead Books
0743211383,Dreamcatcher,Stephen King,2001,Scribner
0451205421,The Door to December,Dean R. Koontz,2002,Signet Book
0440218535,Smilla's Sense of Snow,Peter Hoeg,1997,Island
0345391802,The Hitchhiker's Guide to the Galaxy,Douglas Adams,1995,Ballantine Books
0440219078,The Giver (21st Century Reference),LOIS LOWRY,1994,Laure Leaf
0786890436,The Diary of Ellen Rimbauer: My Life at Rose Red,Ellen Rimbauer,2002,Hyperion Press
0425161722,Net Force,Tom Clancy,1999,Berkley Publishing Group
0385493800,The Testament,John Grisham,1999,Doubleday Books
0440211727,A Time to Kill,JOHN GRISHAM,1992,Dell
038533334X,Charming Billy,Alice McDermott,1999,Delta
0425166619,Toxin,Robin Cook,1999,Berkley Publishing Group
0553561618,Dark Paradise,TAMI HOAG,1994,Bantam
0312422156,Middlesex: A Novel,Jeffrey Eugenides,2003,Picador
044022165X,The Rainmaker,JOHN GRISHAM,1996,Dell
0425124347,The Bad Place,Dean R. Koontz,1994,Berkley Publishing Group
0312282990,The Amazing Adventures of Kavalier &amp; Clay,Michael Chabon,2001,Picador
0394820371,The Phantom Tollbooth,Norton Juster,1993,Yearling Books
0449134482,Dances With Wolves,Michael Blake,1990,Fawcett Books
0345348036,The Princess Bride: S Morgenstern's Classic Tale of True Love and High Adventure,WILLIAM GOLDMAN,1987,Del Rey
034538184X,Degree of Guilt,Richard North Patterson,1995,Ballantine Books
0805062971,Fight Club,Chuck Palahniuk,1999,Owl Books
0671510053,SHIPPING NEWS,Annie Proulx,1994,Scribner
055321313X,Anne of Green Gables (Anne of Green Gables Novels (Paperback)),L.M. MONTGOMERY,1982,Bantam Classics
0743237188,Fall On Your Knees (Oprah #45),Ann-Marie MacDonald,2002,Touchstone
0553586122,Reap the Wind,Iris Johansen,2002,Bantam Books
0553584510,The Survivors Club,LISA GARDNER,2003,Bantam
0345443284,While I Was Gone,Sue Miller,1999,Ballantine Books
0553273914,The House of the Spirits,Isabel Allende,1986,Bantam Books
039592720X,Interpreter of Maladies,Jhumpa Lahiri,1999,Houghton Mifflin Co
0060928336,Divine Secrets of the Ya-Ya Sisterhood: A Novel,Rebecca Wells,1997,Perennial
0671003755,She's Come Undone (Oprah's Book Club (Paperback)),Wally Lamb,1996,Washington Square Press
0440215625,Dragonfly in Amber,DIANA GABALDON,1993,Dell
0316777730,Naked,David Sedaris,1998,Back Bay Books
0446601241,Kiss the Girls,James Patterson,1995,Warner Books
0345384466,The Witching Hour (Lives of the Mayfair Witches),ANNE RICE,1993,Ballantine Books
0446604801,Jack &amp; Jill (Alex Cross Novels),James Patterson,1997,Warner Books
0679734775,The House on Mango Street (Vintage Contemporaries),SANDRA CISNEROS,1991,Vintage
0671027344,The Perks of Being a Wallflower,Stephen Chbosky,1999,MTV
006019491X,Daughter of Fortune : A Novel (Oprah's Book Club (Hardcover)),Isabel Allende,1999,HarperCollins
0380789035,American Gods,Neil Gaiman,2002,HarperTorch
0060964049,"Tales of the City (Tales of the City Series, V. 1)",Armistead Maupin,1989,Perennial
0440206154,Red Dragon,Thomas Harris,2000,Dell Publishing Company
0345370775,Jurassic Park,Michael Crichton,1999,Ballantine Books
0373484224,Stanislaski Brothers (Silhouette Promo),Nora Roberts,2000,Silhouette
0380789019,Neverwhere,Neil Gaiman,1998,Avon
0380018179,The Thorn Birds,Colleen McCullough,1978,Avon
067101420X,"Forever... : A Novel of Good and Evil, Love and Hope",Jude Deveraux,2002,Pocket
000649840X,Angelas Ashes,Frank Mccourt,0,Harpercollins Uk
0099771519,Memoirs of a Geisha Uk,Arthur Golden,0,Trafalgar Square
0385720920,Choke,CHUCK PALAHNIUK,2002,Anchor
0380813815,"Lamb : The Gospel According to Biff, Christ's Childhood Pal",Christopher Moore,2003,Perennial
0439404371,The Thief Lord,Cornelia Funke,2002,Scholastic
1573225789,The Color of Water: A Black Man's Tribute to His White Mother,James McBride,1997,Riverhead Books
0553296981,Anne Frank: The Diary of a Young Girl,ANNE FRANK,1993,Bantam
0451169530,The Stand: Complete and Uncut,Stephen King,1991,Signet Book
0385335881,Shopaholic Takes Manhattan (Summer Display Opportunity),Sophie Kinsella,2002,Delta
0385335482,Confessions of a Shopaholic (Summer Display Opportunity),SOPHIE KINSELLA,2001,Delta
0553258001,The Cider House Rules,John Irving,1986,Bantam Books
0553582658,Summer Light,Luanne Rice,2002,Bantam Books
0373218400,Table For Two,Nora Roberts,2002,Silhouette
0441003257,Good Omens,Neil Gaiman,1996,Ace Books
0446606812,Message in a Bottle,Nicholas Sparks,1999,Warner Vision
0671028375,Fatal Voyage,Kathy Reichs,2002,Pocket
0060930535,The Poisonwood Bible: A Novel,Barbara Kingsolver,1999,Perennial
0375702709,A Lesson Before Dying (Vintage Contemporaries (Paperback)),Ernest J. Gaines,1997,Vintage Books USA
0671038184,Jewel,Bret Lott,1999,Washington Square Press
0060916508,Their Eyes Were Watching God: A Novel,Zora Neale Hurston,1990,Perennial
0552996009,Notes From a Small Planet,Bill Bryson,0,Bantam Doubleday Dell
0590660543,Northern Lights (His Dark Materials S.),Philip Pullman,1998,Scholastic Point
0345361792,A Prayer for Owen Meany,John Irving,1990,Ballantine Books
038531258X,Cold Sassy Tree,Olive Ann Burns,1986,Delta
006092988X,A Tree Grows in Brooklyn,Betty Smith,1998,Perennial
0743225406,The Shipping News : A Novel,Annie Proulx,2001,Scribner
1400034779,The No. 1 Ladies' Detective Agency (Today Show Book Club #8),Alexander McCall Smith,2003,Anchor
0786885688,Shopgirl,Steve Martin,2001,Hyperion
0671880187,Kitchen,Banana Yoshimoto,1994,Washington Square Press
037570504X,"Breath, Eyes, Memory",Edwidge Danticat,1998,Vintage Books USA
0767902521,A Walk in the Woods: Rediscovering America on the Appalachian Trail (Official Guides to the Appalachian Trail),Bill Bryson,1999,Broadway Books
080410753X,The Kitchen God's Wife,Amy Tan,1992,Ivy Books
0140244824,Songs in Ordinary Time (Oprah's Book Club (Paperback)),Mary McGarry Morris,1996,Penguin Books
0385508417,Skipping Christmas,JOHN GRISHAM,2002,Doubleday
0385510438,The Last Juror,John Grisham,2004,Doubleday
0385324057,Summer Sisters,Judy Blume,1998,Delacorte Press
0425185710,Valhalla Rising (Dirk Pitt Adventures (Paperback)),Clive Cussler,2002,Berkley Publishing Group
014025448X,At Home in Mitford (The Mitford Years),Jan Karon,1996,Viking Books
0060934417,Bel Canto: A Novel,Ann Patchett,2002,Perennial
0671793489,All Around the Town,Mary Higgins Clark,1993,Pocket Star
0679772677,A Civil Action,JONATHAN HARR,1996,Vintage
0312983824,Faking It,Jennifer Crusie,2003,St. Martin's Paperbacks
0440224624,The Loop,Nicholas Evans,1999,Dell Publishing Company
0743418174,Good in Bed,Jennifer Weiner,2002,Washington Square Press
0671036505,The Vineyard,Barbara Delinsky,2001,Pocket Books
0671004565,We'll Meet Again,Mary Higgins Clark,2000,Pocket
0345370805,How to Make an American Quilt,Whitney Otto,1992,Ballantine Books
0375703055,Ellen Foster,Kaye Gibbons,1997,Vintage Books
0156006529,Where or When  : A Novel,Anita Shreve,1999,Harvest Books
0446673544,Sex &amp; the City,Candace Bushnell,1997,Warner Books
0312243022,The Hours : A Novel,Michael Cunningham,2000,Picador
0385490445,Alias Grace : A Novel,Margaret Atwood,1997,Anchor
0375700757,Cold Mountain : A Novel,CHARLES FRAZIER,1998,Vintage
0070212570,Fried Green Tomatoes at the Whistle Stop Cafe,Fannie Flagg,1989,McGraw-Hill
0316781266,The Last Time They Met : A Novel,Anita Shreve,2002,Back Bay Books
0380814021,The Princess Diaries,Meg Cabot,2001,HarperTrophy
0061098795,The Wailing Wind,Tony Hillerman,2003,HarperTorch
0375725784,A Heartbreaking Work of Staggering Genius,Dave Eggers,2001,Vintage Books USA
0345436911,The Dress Lodger (Ballantine Reader's Circle),Sheri Holman,2001,Ballantine Books
0345339703,"The Fellowship of the Ring (The Lord of the Rings, Part 1)",J.R.R. TOLKIEN,1986,Del Rey
0670030643,The Eyre Affair (Alex Awards (Awards)),Jasper Fforde,2002,Viking Books
0440940001,Island of the Blue Dolphins (Laurel Leaf Books),Scott O'Dell,1978,Laure Leaf
0671042262,The Blue Nowhere : A Novel,Jeffery Deaver,2002,Pocket
0425157539,Sudden Prey,John Sandford,1997,Berkley Publishing Group
0679731148,A Year in Provence,Peter Mayle,1991,Vintage Books USA
0449912558,The Sparrow,MARY DORIA RUSSELL,1997,Fawcett Books
0440226430,Summer Sisters,Judy Blume,1999,Dell Publishing Company
089480829X,What to Expect When You're Expecting (Revised Edition),Arlene Eisenberg,1996,Workman Pub Co
0894805770,What to Expect the First Year,Arlene Eisenberg,1989,Workman Publishing
0688177751,Miss Julia Speaks Her Mind : A Novel,Ann B. Ross,2000,Perennial
0345438329,Big Stone Gap: A Novel (Ballantine Reader's Circle),Adriana Trigiani,2001,Ballantine Books
0375707972,The Reader,Bernhard Schlink,1999,Vintage Books USA
0345446860,Back When We Were Grownups : A Novel (Ballantine Reader's Circle),ANNE TYLER,2002,Ballantine Books
0399145087,Black Notice,Patricia Daniels Cornwell,1999,Putnam Pub Group
0312990456,One for the Money (A Stephanie Plum Novel),Janet Evanovich,2003,St. Martin's Paperbacks
0316969680,The Beach House,James Patterson,2002,"Little, Brown"
0399501487,Lord of the Flies,William Gerald Golding,1959,Perigee Trade
0425177173,Atlantis Found,Clive Cussler,2001,Berkley Publishing Group
0440224764,The Partner,John Grisham,1998,Dell Publishing Company
0553572997,The Alienist,Caleb Carr,1995,Bantam Books
0380727501,Notes from a Small Island,Bill Bryson,1997,Perennial
0373218192,Engaging The Enemy,Nora Roberts,2003,Silhouette
0345416260,Pope Joan (Ballantine Reader's Circle),Donna Woolfolk Cross,1996,Ballantine Books
0385486804,Into the Wild,Jon Krakauer,1997,Anchor
0385512104,The Curious Incident of the Dog in the Night-Time (Today Show Book Club #13),Mark Haddon,2003,Doubleday
0440236673,The Brethren,John Grisham,2000,Island
0440235162,The Smoke Jumper,Nicholas Evans,2002,Dell Publishing Company
0425158616,Cause of Death,Patricia Daniels Cornwell,1997,Berkley Publishing Group
0062502182,The Alchemist: A Fable About Following Your Dream,Paulo Coelho,1995,HarperSanFrancisco
0060175400,The Poisonwood Bible,Barbara Kingsolver,1999,HarperCollins
0671537458,Waiting to Exhale,Terry McMillan,1995,Pocket
0425161242,Chromosome 6,Robin Cook,2000,Berkley Publishing Group
0425169863,Point of Origin,Patricia Daniels Cornwell,1999,Berkley Publishing Group
0345380371,Rising Sun,MICHAEL CRICHTON,1992,Ballantine Books
0446609323,Black Friday,James Patterson,1989,Warner Vision
0446610038,1st to Die: A Novel,James Patterson,2002,Warner Vision
0805019375,L Is for Lawless (Kinsey Millhone Mysteries),Sue Grafton,1995,Henry Holt &amp; Company
0385492081,Into Thin Air : A Personal Account of the Mt. Everest Disaster,JON KRAKAUER,1998,Anchor
0061000175,Skinwalkers (Joe Leaphorn/Jim Chee Novels),Tony Hillerman,1990,HarperTorch
067976402X,Snow Falling on Cedars,David Guterson,1995,Vintage Books USA
0743457358,Everything's Eventual : 14 Dark Tales,Stephen King,2002,Pocket
0425167313,Here on Earth,Alice Hoffman,1998,Berkley Publishing Group
034540288X,The Lost World,Michael Crichton,1996,Ballantine Books
0425167720,An Instance of the Fingerpost,Iain Pears,1999,Berkley Publishing Group
0609610597,"The Shelters of Stone (Earth's Children Series, No 5)",JEAN M. AUEL,2002,Crown
0316182540,White Oleander : A Novel,Janet Fitch,2001,"Little, Brown"
0553282476,CAT'S EYE,MARGARET ATWOOD,1989,Bantam
0449212602,The Handmaid's Tale,Margaret Atwood,1989,Fawcett Books
0684867621,The Girl Who Loved Tom Gordon : A Novel,Stephen King,1999,Scribner
0345413903,The Murder Book,Jonathan Kellerman,2003,Ballantine Books
0553582143,Body of Lies,IRIS JOHANSEN,2003,Bantam
0316569321,White Oleander : A Novel,Janet Fitch,1999,"Little, Brown"
0553375407,Ishmael: An Adventure of the Mind and Spirit,Daniel Quinn,1995,Bantam
0425115801,Lightning,Dean R. Koontz,1996,Berkley Publishing Group
0671024248,Hearts In Atlantis,Stephen King,2000,Pocket
0671034022,Mercy,Julie Garwood,2002,Pocket
0451151259,Eyes of the Dragon,Stephen King,1988,Penguin Putnam~mass
0375727132,The Dive From Clausen's Pier : A Novel (Vintage Contemporaries (Paperback)),ANN PACKER,2003,Vintage
0446607711,The Simple Truth,David Baldacci,1999,Warner Books
0140254544,A Light in the Window (The Mitford Years),Jan Karon,1996,Penguin Books
0451524934,1984,George Orwell,1990,Signet Book
0345392825,Reviving Ophelia: Saving the Selves of Adolescent Girls (Ballantine Reader's Circle),Mary Pipher,1995,Ballantine Books
0345350499,The Mists of Avalon,MARION ZIMMER BRADLEY,1987,Del Rey
0312976275,Hot Six : A Stephanie Plum Novel (A Stephanie Plum Novel),Janet Evanovich,2001,St. Martin's Paperbacks
0767905180,Jemima J: A Novel About Ugly Ducklings and Swans,Jane Green,2001,Broadway Books
059035342X,Harry Potter and the Sorcerer's Stone (Harry Potter (Paperback)),J. K. Rowling,1999,Arthur A. Levine Books
0316089699,Sea Glass: A Novel,Anita Shreve,2003,Back Bay Books
038082101X,Daughter of Fortune: A Novel,Isabel Allende,2001,HarperTorch
0671708635,Seven Habits Of Highly Effective People,Stephen R. Covey,1990,Free Press
0425162788,Politika (Tom Clancy's Power Plays (Paperback)),Tom Clancy,1999,Berkley Publishing Group
0345342968,Fahrenheit 451,RAY BRADBURY,1987,Del Rey
0812550706,Ender's Game (Ender Wiggins Saga (Paperback)),Orson Scott Card,1994,Tor Books
0345378482,The Andromeda Strain,MICHAEL CRICHTON,1992,Ballantine Books
0671758896,"Loves Music, Loves to Dance",Mary Higgins Clark,1992,Pocket
0345348109,The Killer Angels,Michael Shaara,1993,Ballantine Books
0451177096,Dolores Claiborne,Stephen King,2004,Signet Book
0345422384,Pandora: New Tales of the Vampires (New Tales of the Vampires),Anne Rice,1999,Ballantine Books
0812511816,"The Eye of the World (The Wheel of Time, Book 1)",Robert Jordan,1990,Tor Fantasy
0425122123,Clear and Present Danger (Jack Ryan Novels),Tom Clancy,1996,Berkley Publishing Group
0385484518,"Tuesdays with Morrie: An Old Man, a Young Man, and Life's Greatest Lesson",MITCH ALBOM,1997,Doubleday
0060922532,Pigs in Heaven,Barbara Kingsolver,1994,Perennial
0440236703,Tell No One,Harlan Coben,2002,Dell Publishing Company
1592400876,"Eats, Shoots &amp; Leaves: The Zero Tolerance Approach to Punctuation",Lynne Truss,2004,Gotham Books
0375706410,Waiting (Vintage International),Ha Jin,2000,Vintage Books USA
0553274503,Flowers for Algernon (Bantam Classic),DANIEL KEYES,1984,Bantam
0425133540,The Sum of All Fears (Jack Ryan Novels),Tom Clancy,1996,Berkley Publishing Group
0345384350,Icebound,Dean R. Koontz,1995,Ballantine Books
0425175405,Black Notice,Patricia Daniels Cornwell,2000,Berkley Publishing Group
0380731851,Mystic River,Dennis Lehane,2002,HarperTorch
0684862719,Pay It Forward: A Novel,Catherine Ryan Hyde,2000,Simon &amp; Schuster
0316602051,The Jester,James Patterson,2003,"Little, Brown"
0446604666,Sick Puppy,Carl Hiaasen,2001,Warner Vision
0061015725,Prey,Michael Crichton,2003,Avon Books
0553579754,Fear Nothing,DEAN KOONTZ,1998,Bantam
0449221482,J Is for Judgment,Sue Grafton,1999,Fawcett Books
0553279912,A Is for Alibi (Kinsey Millhone Mysteries (Paperback)),SUE GRAFTON,1987,Bantam
0345353145,Sphere,MICHAEL CRICHTON,1988,Ballantine Books
0446516538,Slow Waltz in Cedar Bend,Robert James Waller,1993,Warner Books
0440214041,The Pelican Brief,John Grisham,1993,Dell
0679446486,Airframe,Michael Crichton,1996,Alfred A. Knopf
0140298479,Bridget Jones: The Edge of Reason,Helen Fielding,2001,Penguin Books
0786889020,Don't Stand Too Close to a Naked Man,Tim Allen,1995,Hyperion
0345337662,Interview with the Vampire,Anne Rice,1993,Ballantine Books
0345351525,The Queen of the Damned (Vampire Chronicles (Paperback)),Anne Rice,1993,Ballantine Books
0449003787,"\O\"" Is for Outlaw""",SUE GRAFTON,2001,Ballantine Books
0385265700,The Book of Ruth (Oprah's Book Club (Paperback)),Jane Hamilton,1990,Anchor
1573229326,How to Be Good,Nick Hornby,2002,Riverhead Books
0385424736,The Rainmaker,John Grisham,1995,Doubleday Books
0671617028,The Color Purple,Alice Walker,1985,Pocket Books
0446605239,The Notebook,Nicholas Sparks,1998,Warner Books
0553295977,Carnal Innocence,Nora Roberts,1992,Bantam Books
0743224574,A Beautiful Mind: The Life of Mathematical Genius and Nobel Laureate John Nash,Sylvia Nasar,2001,Simon &amp; Schuster
0671004549,You Belong To Me,Mary Higgins Clark,1999,Pocket Books
081297106X,Reading Lolita in Tehran: A Memoir in Books,Azar Nafisi,2003,Random House Trade Paperbacks
0802139256,Peace Like a River,Leif Enger,2002,Grove Press
055356160X,Cry Wolf,TAMI HOAG,1993,Bantam
0515120618,Montana Sky,Nora Roberts,2000,Jove Books
0385335830,Diary of a Mad Bride (Summer Display Opportunity),Laura Wolf,2002,Delta
0515130389,Carolina Moon,Nora Roberts,2001,Jove Books
080411935X,Standing in the Rainbow,FANNIE FLAGG,2003,Ballantine Books
0142004235,East of Eden (Oprah's Book Club),John Steinbeck,2003,Penguin Books
0515135062,Three Fates,Nora Roberts,2004,Jove Books
0743412028,Pay It Forward,Catherine Ryan Hyde,2000,Pocket
0425169693,Here on Earth (Oprah's Book Club),Alice Hoffman,1999,Berkley Publishing Group
0452269571,Bastard Out of Carolina,Dorothy Allison,1993,Plume Books
051513287X,Face the Fire (Three Sisters Island Trilogy),Nora Roberts,2002,Jove Books
0060392452,Stupid White Men ...and Other Sorry Excuses for the State of the Nation!,Michael Moore,2002,Regan Books
0590353403,Harry Potter and the Sorcerer's Stone (Book 1),J. K. Rowling,1998,Scholastic
0312263120,Digital Fortress : A Thriller,Dan Brown,2000,St. Martin's Griffin
0446532231,"Dude, Where's My Country?",Michael Moore,2003,Warner Books
0385498802,Bee Season: A Novel,Myla Goldberg,2001,Anchor Books/Doubleday
0312291639,The Nanny Diaries: A Novel,Emma McLaughlin,2003,St. Martin's Griffin
0684874350,ANGELA'S ASHES,Frank McCourt,1996,Scribner
0446611212,Violets Are Blue,James Patterson,2002,Warner Vision
0316168688,The Dogs of Babel (Today Show Book Club #12),Carolyn Parkhurst,2003,"Little, Brown"
0440241537,The King of Torts,JOHN GRISHAM,2003,Dell
034538475X,The Tale of the Body Thief (Vampire Chronicles (Paperback)),Anne Rice,1993,Ballantine Books
0425181103,Phantoms,Dean R. Koontz,2002,Berkley Publishing Group
0380718340,Cruel &amp; Unusual (Kay Scarpetta Mysteries (Paperback)),Patricia D. Cornwell,1994,Avon
0451153553,Misery,Stephen King,1988,New Amer Library
0142001805,The Eyre Affair: A Novel,Jasper Fforde,2003,Penguin Books
0425147622,The Body Farm,Patricia Daniels Cornwell,1995,Berkley Publishing Group
0553582763,By the Light of the Moon,DEAN KOONTZ,2003,Bantam
0345384369,Intensity,DEAN KOONTZ,1996,Ballantine Books
034539657X,Dark Rivers of the Heart,Dean R. Koontz,1995,Ballantine Books
0425144429,Mr. Murder,Dean R. Koontz,1996,Berkley Publishing Group
0312305060,The Hours: A Novel,Michael Cunningham,2002,Picador
0399146431,The Bonesetter's Daughter,Amy Tan,2001,Putnam Publishing Group
0399141146,The Hundred Secret Senses,Amy Tan,1995,Putnam Pub Group
0375706771,Midwives: A Novel,Chris Bohjalian,1998,Vintage
0452260116,Song of Solomon (Oprah's Book Club (Paperback)),Toni Morrison,1987,Plume Books
0451191145,Atlas Shrugged,Ayn Rand,1996,Signet Book
0060987561,I Know This Much Is True,Wally Lamb,1999,Regan Books
0312265867,To the Nines: A Stephanie Plum Novel,Janet Evanovich,2003,St. Martin's Press
0786881852,Don't Sweat the Small Stuff and It's All Small Stuff : Simple Ways to Keep the Little Things from Taking Over Your Life (Don't Sweat the Small Stuff Series),Richard Carlson,1997,Hyperion
0345413873,Monster : A Novel (Alex Delaware Novels (Paperback)),JONATHAN KELLERMAN,2000,Ballantine Books
1559029838,Call of the Wild,Jack London,0,Selldowns/no More Orders
0679746048,"Girl, Interrupted",SUSANNA KAYSEN,1994,Vintage
0446610100,Wish You Well,David Baldacci,2001,Warner Books
0312966970,Four To Score (A Stephanie Plum Novel),Janet Evanovich,1999,St. Martin's Paperbacks
051512317X,Rising Tides,Nora Roberts,2001,Jove Books
0380002930,Watership Down,Richard Adams,1976,Avon
0312971346,High Five (A Stephanie Plum Novel),Janet Evanovich,2000,St. Martin's Paperbacks
0140280553,"Galileo's Daughter: A Historical Memoir of Science, Faith, and Love",Dava Sobel,2000,Penguin Books
0060958022,Five Quarters of the Orange,Joanne Harris,2002,Perennial
0385474016,"Like Water for Chocolate: A Novel in Monthly Installments With Recipes, Romances and Home Remedies",Laura Esquivel,1994,Anchor Books/Doubleday
0375412824,The Dive From Clausen's Pier (Alex Awards),ANN PACKER,2002,Knopf
1558743669,"A Child Called \It\"": One Child's Courage to Survive""",Dave Pelzer,1995,Health Communications
0553582135,Final Target,Iris Johansen,2002,Bantam Books
0385720106,A Map of the World,Jane Hamilton,1999,Anchor Books/Doubleday
0553208845,Siddhartha,Hermann Hesse,1981,Bantam Classics
0842329218,Tribulation Force: The Continuing Drama of Those Left Behind (Left Behind No. 2),Tim LaHaye,1997,Tyndale House Publishers
0440221471,The Runaway Jury,JOHN GRISHAM,1997,Dell
0425143325,Without Remorse,Tom Clancy,2004,Berkley Publishing Group
0425180964,The Bear and the Dragon (Jack Ryan Novels),Tom Clancy,2001,Berkley Publishing Group
0743411250,The Woman Next Door,Barbara Delinsky,2002,Pocket
0060502258,The Divine Secrets of the Ya-Ya Sisterhood: A Novel,Rebecca Wells,2002,HarperTorch
0061020710,The Color of Magic,Terry Pratchett,2000,HarperTorch
0440204887,Illusions: The Adventures of a Reluctant Messiah,Richard Bach,1994,Dell Publishing Company
0345339681,The Hobbit : The Enchanting Prelude to The Lord of the Rings,J.R.R. TOLKIEN,1986,Del Rey
1558744630,Chicken Soup for the Teenage Soul (Chicken Soup for the Soul),Jack Canfield,1997,Health Communications
055357230X,The Clinic (Alex Delaware Novels (Paperback)),Jonathan Kellerman,1999,Bantam Books
0671004107,Contact,Carl Sagan,1997,Pocket
0671683993,The Temple of My Familiar,Alice Walker,1990,Pocket
0439064872,Harry Potter and the Chamber of Secrets (Book 2),J. K. Rowling,2000,Scholastic
0553211404,Jane Eyre (Bantam Classics),Charlotte Bronte,1983,Bantam
1400032717,The Curious Incident of the Dog in the Night-Time (Vintage Contemporaries),Mark Haddon,2004,Vintage
0374100128,The Corrections (Oprah Edition),Jonathan Franzen,2001,Farrar Straus Giroux
0061097314,The Bean Trees,Barbara Kingsolver,1998,HarperTorch
0140119906,Love in the Time of Cholera (Penguin Great Books of the 20th Century),Gabriel Garcia Marquez,1994,Penguin Books
0684857820,Lucky,Alice Sebold,1999,Scribner
0553579606,Ashes to Ashes,TAMI HOAG,2000,Bantam
006099486X,"The Professor and the Madman: A Tale of Murder, Insanity, and the Making of The Oxford English Dictionary",Simon Winchester,1999,Perennial
0671250671,"ROAD LESS TRAVELED : A New Psychology of Love, Traditional Values, and Spritual Growth (Touchstone Books (Paperback))",M. Scott Peck,1980,Touchstone
0425118703,Midnight,Dean R. Koontz,1995,Berkley Publishing Group
0061000043,A Thief of Time (Joe Leaphorn/Jim Chee Novels),Tony Hillerman,1990,HarperTorch
0553289411,The Plains of Passage (Earth's Children (Paperback)),JEAN M. AUEL,1991,Bantam
044661064X,The First Counsel,Brad Meltzer,2001,Warner Vision
0446530522,Cane River,Lalita Tademy,2001,Warner Books
0345447840,The Surgeon,TESS GERRITSEN,2002,Ballantine Books
044661193X,Basket Case,Carl Hiaasen,2003,Warner Books
0446359866,Presumed Innocent,Scott Turow,1989,Warner Books
0446612790,2nd Chance,James Patterson,2003,Warner Vision
0446606383,The Midnight Club,James Patterson,1999,Warner Vision
0553213148,Anne of Avonlea (Anne of Green Gables Novels (Paperback)),L.M. MONTGOMERY,1984,Bantam Classics
0446365505,Pleading Guilty,Scott Turow,1994,Warner Books
002542730X,Politically Correct Bedtime Stories: Modern Tales for Our Life and Times,James Finn Garner,1994,John Wiley &amp; Sons Inc
0451203895,4 Blondes,Candace Bushnell,2002,Signet Book
0553272535,Night,Elie Wiesel,1982,Bantam Books
068484477X,STONES FROM THE RIVER,Ursula Hegi,1997,Touchstone
0684853515,Hearts In Atlantis : New Fiction,Stephen King,1999,Scribner
0375504397,Black House,Stephen King,2001,Random House Trade
0452283205,Falling Angels,Tracy Chevalier,2002,Plume Books
0553250531,The Valley of Horses,JEAN M. AUEL,1984,Bantam
0440213525,The Client,John Grisham,1994,Dell Publishing Company
0451188462,Desperation,Stephen King,1997,Signet Book
0439136350,Harry Potter and the Prisoner of Azkaban (Book 3),J. K. Rowling,1999,Scholastic
0671028367,Deadly Decisions,Kathy Reichs,2001,Pocket Books
0064400557,Charlotte's Web (Trophy Newbery),E. B. White,1974,HarperTrophy
0671867172,The Lottery Winner : Alvirah And Willy Stories,Mary Higgins Clark,1995,Pocket
0440221315,The Gift,DANIELLE STEEL,1996,Dell
0446527785,A Bend in the Road,Nicholas Sparks,2001,Warner Books
0316096199,Lucky : A Memoir,Alice Sebold,2002,Back Bay Books
0440200989,Weep No More My Lady,Mary Higgins Clark,1993,Dell
0671568175,Let Me Call You Sweetheart,Mary Higgins Clark,1996,Pocket
0449221504,K Is for Killer (Kinsey Millhone Mysteries (Paperback)),Sue Grafton,1999,Fawcett Books
0446607193,Unspeakable,Sandra Brown,1999,Warner Books
0373484003,Irish Hearts,Nora Roberts,2000,Silhouette
0767905385,Catch Me If You Can: The True Story of a Real Fake,Stan Redding,2000,Broadway
0440211263,Circle of Friends,Maeve Binchy,1991,Dell
0553260111,The Bourne Identity,Robert Ludlum,1984,Bantam Books
0767900383,Under the Tuscan Sun,Frances Mayes,1997,Broadway
0684865742,Tis: A Memoir,Frank McCourt,2000,Scribner
0425116840,The Cardinal of the Kremlin (Jack Ryan Novels),Tom Clancy,1989,Berkley Publishing Group
0425191184,Red Rabbit,Tom Clancy,2003,Berkley Publishing Group
074343627X,Dreamcatcher,Stephen King,2001,Pocket
067102423X,Bag of Bones,Stephen King,1999,Pocket
0345334531,Feast of All Saints,Anne Rice,1986,Ballantine Books
0399143947,Point of Origin,Patricia Daniels Cornwell,1998,Putnam Pub Group
0553268880,The Prince of Tides,Pat Conroy,1987,Bantam Books
0316666009,1st to Die: A Novel,James Patterson,2001,Little Brown and Company
0446611867,A Bend in the Road,Nicholas Sparks,2002,Warner Books
0385336179,Shopaholic Ties the Knot,Sophie Kinsella,2003,Delta
0553582755,One Door Away from Heaven,Dean R. Koontz,2002,Bantam Books
0452268060,How the Garcia Girls Lost Their Accents (Plume Contemporary Fiction),Julia Alvarez,1992,Plume Books
044651652X,The Bridges of Madison County,Robert James Waller,1992,Warner Books
0142002267,"Word Freak: Heartbreak, Triumph, Genius, and Obsession in the World of Competitive Scrabble Players",Stefan Fatsis,2002,Penguin Books
0440439884,Island of the Blue Dolphins,SCOTT O'DELL,1971,Random House Children's Books
0345339738,"The Return of the King (The Lord of the Rings, Part 3)",J.R.R. TOLKIEN,1986,Del Rey
0446679593,Suzanne's Diary for Nicholas,James Patterson,2002,Warner Books
1573225517,High Fidelity,Nick Hornby,1996,Riverhead Books
0802130208,A Confederacy of Dunces (Evergreen Book),John Kennedy Toole,1987,Grove Press
0156628708,Mrs Dalloway,Virginia Woolf,1990,Harvest Books
0060199652,Prodigal Summer,Barbara Kingsolver,2000,HarperCollins
034541389X,Flesh and Blood,Jonathan Kellerman,2002,Ballantine Books
0316284955,White Oleander : A Novel (Oprah's Book Club),Janet Fitch,2000,Back Bay Books
0060987529,Confessions of an Ugly Stepsister : A Novel,Gregory Maguire,2000,Regan Books
0375703764,House of Leaves,Mark Z. Danielewski,2000,Pantheon Books
0553277472,Zen and the Art of Motorcycle Maintenance: An Inquiry into Values,ROBERT PIRSIG,1984,Bantam
0446608262,The Lion's Game,Nelson DeMille,2000,Warner Books
0553560247,Dying for Chocolate (Culinary Mysteries (Paperback)),DIANE MOTT DAVIDSON,1993,Bantam
051512608X,The Reef,Nora Roberts,1999,Jove Books
067088300X,The Girls' Guide to Hunting and Fishing,Melissa Bank,1999,Viking Books
0375727345,House of Sand and Fog,Andre Dubus III,2000,Vintage Books
0446608890,Saving Faith,David Baldacci,2000,Warner Vision
0312983298,Full Speed (Janet Evanovich's Full Series),Janet Evanovich,2003,St. Martin's Paperbacks
0743437640,The Mulberry Tree,Jude Deveraux,2003,Pocket
0375703861,White Teeth: A Novel,Zadie Smith,2001,Vintage Books USA
0425152251,Sophie's World: A Novel About the History of Philosophy,Jostein Gaarder,1996,Berkley Publishing Group
0312924585,Silence of the Lambs,Thomas Harris,1991,St. Martin's Press
0385479565,The Hot Zone,Richard Preston,1995,Anchor
0312274920,Round Ireland With a Fridge,Tony Hawks,2001,St. Martin's Press
0425162443,The Rapture of Canaan,Sheri Reynolds,1997,Berkley Publishing Group
0515132020,Heaven and Earth (Three Sisters Island Trilogy),Nora Roberts,2003,Jove Books
0515131229,Dance upon the Air (Three Sisters Island Trilogy),Nora Roberts,2003,Jove Books
038079487X,What Looks Like Crazy On An Ordinary Day,Pearl Cleage,1998,Perennial
0684872153,Angela's Ashes (MMP) : A Memoir,Frank McCourt,1999,Scribner
0060926317,Mutant Message Down Under,Marlo Morgan,1995,Perennial
0312421273,The Corrections: A Novel,Jonathan Franzen,2002,Picador USA
0440241162,Nerd in Shining Armor,Vicki Lewis Thompson,2003,Dell Publishing Company
0786866586,Shopgirl : A Novella,Steve Martin,2000,Hyperion Press
0156007754,Blindness (Harvest Book),Jose Saramago,1999,Harvest Books
0064407675,"The Reptile Room (A Series of Unfortunate Events, Book 2)",Lemony Snicket,1999,HarperCollins
0380977788,Coraline,Neil Gaiman,2002,HarperCollins
0441304834,Guilty Pleasures (Anita Blake Vampire Hunter (Paperback)),Laurell K. Hamilton,1995,Ace Books
0553571818,Long After Midnight,IRIS JOHANSEN,1997,Bantam
0441790348,Stranger in a Strange Land (Remembering Tomorrow),Robert A. Heinlein,1995,ACE Charter
0553573403,"A Game of Thrones (A Song of Ice and Fire, Book 1)",George R.R. Martin,1997,Spectra Books
0345391055,Disclosure,Michael Crichton,1994,Ballantine Books
0375760911,The Idiot Girls' Action Adventure Club,Laurie Notaro,2002,Villard Books
0374129983,The Corrections,Jonathan Franzen,2001,Farrar Straus &amp; Giroux
0345413350,"The Golden Compass (His Dark Materials, Book 1)",PHILIP PULLMAN,1997,Del Rey
1576737330,The Prayer of Jabez: Breaking Through to the Blessed Life,Bruce Wilkinson,2000,Multnomah
0316601950,The Pilot's Wife : A Novel,Anita Shreve,1999,Back Bay Books
0345314255,Sword of Shannara,Terry Brooks,1995,Del Rey Books
1573227331,About a Boy,Nick Hornby,1999,Riverhead Books
080411918X,A Patchwork Planet,ANNE TYLER,2001,Ballantine Books
0066214122,Prey: A Novel,Michael Crichton,2002,HarperCollins
0446604275,Primary Colors: A Novel of Politics,Anonymous,1996,Warner Books
0375502238,Blessings,ANNA QUINDLEN,2002,Random House
0440202043,Shell Seekers,Rosamunde Pilcher,1996,Dell
0451183665,A Case of Need,Michael Crichton,1994,Signet Book
0399150897,Blow Fly: A Scarpetta Novel,Patricia Cornwell,2003,Putnam Publishing Group
074322535X,Gap Creek: The Story of a Marriage,Robert Morgan,2001,Touchstone
0316693286,Pop Goes the Weasel,James Patterson,1999,Replica Books
038550926X,The Devil Wears Prada : A Novel,LAUREN WEISBERGER,2003,Doubleday
0671004530,On the Street Where You Live,Mary Higgins Clark,2002,Pocket
0060959037,Prodigal Summer: A Novel,Barbara Kingsolver,2001,Perennial
014028009X,Bridget Jones's Diary,Helen Fielding,1999,Penguin Books
0312244266,Winter Solstice,Rosamunde Pilcher,2000,Thomas Dunne Books
0452282829,We Were the Mulvaneys,Joyce Carol Oates,1996,Plume
034540761X,The Final Judgment,Richard North Patterson,1997,Ballantine Books
0060929871,Brave New World,Aldous Huxley,1998,Perennial
0385722206,Balzac and the Little Chinese Seamstress : A Novel,DAI SIJIE,2002,Anchor
0142001430,Year of Wonders,Geraldine Brooks,2002,Penguin Books
080410526X,All I Really Need to Know,ROBERT FULGHUM,1989,Ivy Books
031242227X,Running with Scissors: A Memoir,Augusten Burroughs,2003,Picador USA
0440235596,Tara Road,Maeve Binchy,2000,Dell Publishing Company
042516098X,Hornet's Nest,Patricia Daniels Cornwell,1998,Berkley Publishing Group
0446613266,Four Blind Mice,James Patterson,2003,Warner Books
038549081X,The Handmaid's Tale : A Novel,Margaret Atwood,1998,Anchor
0552998486,Chocolat,Joanne Harris,2000,Black Swan
0671041789,The Green Mile,Stephen King,1999,Pocket
0439139597,Harry Potter and the Goblet of Fire (Book 4),J. K. Rowling,2000,Scholastic
0439064864,Harry Potter and the Chamber of Secrets (Book 2),J. K. Rowling,1999,Scholastic
0441005489,"Redwall (Redwall, Book 1)",Brian Jacques,1998,Ace Books
0440180295,Slaughterhouse Five or the Children's Crusade: A Duty Dance With Death,Kurt Vonnegut,1991,Laurel
0449003795,P Is for Peril,Sue Grafton,2002,Ballantine Books
1551668998,Beach House,Mary Alice Monroe,2002,Mira
044651862X,The Celestine Prophecy (Celestine Prophecy),James Redfield,1994,Warner Books
043935806X,Harry Potter and the Order of the Phoenix (Book 5),J. K. Rowling,2003,Scholastic
0451184963,Insomnia,Stephen King,1995,Signet Book
0440220602,The Chamber,John Grisham,1995,Dell Publishing Company
042513525X,Hideaway,Dean R. Koontz,1992,Berkley Publishing Group
0451156609,The Tommyknockers,Stephen King,1994,Signet Book
1400031354,Tears of the Giraffe (No.1 Ladies Detective Agency),Alexander McCall Smith,2002,Anchor
0425170349,Rainbow Six,Tom Clancy,2004,Berkley Publishing Group
0446608955,A Walk to Remember,Nicholas Sparks,2000,Warner Books
0440204194,Firefly Summer,Maeve Binchy,1989,Dell
0440414806,Holes (Yearling Newbery),LOUIS SACHAR,2000,Yearling
014038572X,The Outsiders (Now in Speak!),S. E. Hinton,1997,Puffin Books
0440241073,The Summons,John Grisham,2002,Dell Publishing Company
0451190491,The Two Dead Girls (Green Mile Series),Stephen King,1996,Signet Book
0449227421,The Third Twin,Ken Follett,1997,Fawcett Books
0446606324,The Winner,David Baldacci,1998,Warner Vision
0515132187,The Villa,Nora Roberts,2002,Jove Books
0446670251,The Virgin Suicides,Jeffrey Eugenides,1994,Warner Books
0425154092,From Potter's Field,Patricia Daniels Cornwell,1996,Berkley Publishing Group
0425179613,It's Not About the Bike: My Journey Back to Life,Lance Armstrong,2001,Berkley Publishing Group
0671014196,The Summerhouse,Jude Deveraux,2002,Pocket
0871136791,Cold Mountain,Charles Frazier,1997,Atlantic Monthly Press
0553380095,The Heart of a Woman,Maya Angelou,1997,Bantam
0385475721,The Blind Assassin,Margaret Atwood,2000,Nan A. Talese
0553271636,D Is for Deadbeat (Kinsey Millhone Mysteries (Paperback)),Sue Grafton,1988,Bantam
0679751521,Midnight in the Garden of Good and Evil,John Berendt,1999,Vintage Books USA
0312966091,Three To Get Deadly : A Stephanie Plum Novel (A Stephanie Plum Novel),Janet Evanovich,1998,St. Martin's Paperbacks
0671001795,Two for the Dough,Janet Evanovich,1996,Pocket
0553274295,Where the Red Fern Grows,Wilson Rawls,1984,Random House Children's Books
0375413634,The Emperor of Ocean Park (Today Show Book Club #1),Stephen L. Carter,2002,Alfred A. Knopf
0679439382,The Little Friend,Donna Tartt,2002,Alfred A. Knopf
0804108749,Saint Maybe,ANNE TYLER,1992,Ivy Books
0425121631,Rules of Prey,John Sandford,1992,Berkley Publishing Group
0316693235,Violets Are Blue,James Patterson,2001,"Little, Brown"
0425153975,The Eyes of Darkness,Dean R. Koontz,1996,Berkley Publishing Group
0425119653,Mutation,Robin Cook,1991,Berkley Publishing Group
0553579983,And Then You Die,Iris Johansen,1998,Bantam
0399149325,Portrait of a Killer: Jack the Ripper -- Case Closed,Patricia Cornwell,2002,G. P. Putnam's Sons
0804114986,The Bonesetter's Daughter,Amy Tan,2002,Ballantine Books
0446611808,Envy,Sandra Brown,2002,Warner Books
0425178579,Betrayal in Death,Nora Roberts,2001,Berkley Publishing Group
0316603287,The Lake House,James Patterson,2003,"Little, Brown"
0425178102,Big Trouble,Dave Barry,2001,Berkley Publishing Group
0451208765,Sleep No More,Greg Iles,2003,Signet Book
0312144075,The Samurai's Garden : A Novel,Gail Tsukiyama,1996,St. Martin's Griffin
0156007479,Slammerkin,Emma Donoghue,2002,Harvest Books
0451206525,Dead Sleep,Greg Iles,2002,Signet Book
0451167317,The Dark Half,Stephen King,1994,Signet Book
0345396936,Cry to Heaven,Anne Rice,1995,Ballantine Books
0312980159,Fast Women,Jennifer Crusie,2002,St. Martin's Press
0679720200,The Stranger,ALBERT CAMUS,1989,Vintage
0312983271,Full House (Janet Evanovich's Full Series),Janet Evanovich,2002,St. Martin's Paperbacks
0446670111,Einstein's Dreams,Alan Lightman,1994,Warner Books
0312979096,Now You See Me,Tina Wainscott,2002,St. Martin's Paperbacks
0553284789,F Is for Fugitive (Kinsey Millhone Mysteries (Paperback)),Sue Grafton,1990,Bantam
0553279556,E Is for Evidence: A Kinsey Millhone Mystery (Kinsey Millhone Mysteries (Paperback)),Sue Grafton,1989,Bantam
0671701231,The Anastasia Syndrome,Mary Higgins Clark,1991,Pocket
0446605409,Plum Island,Nelson DeMille,1998,Warner Books
0553280414,A Separate Peace,John Knowles,1985,Bantam Books
0373484232,Stanislaski Sisters,Nora Roberts,2001,Silhouette
0439136369,Harry Potter and the Prisoner of Azkaban (Book 3),J. K. Rowling,2001,Scholastic
0345366239,The Eight,Katherine Neville,1995,Ballantine Books
0330262130,Restaurant At the End of the Universe,Douglas Adams,0,Pan Books Ltd
0451163524,"The Drawing of the Three (The Dark Tower, Book 2)",Stephen King,1997,Signet Book
0452280621,Beloved,Toni Morrison,1998,Plume Books
0671026011,The Empty Chair,Jeffery Deaver,2001,Pocket
0330375253,Bridget Jones's Diary,Helen Fielding,2001,Picador
0385503822,The Summons,John Grisham,2002,Doubleday Books
0609804138,The Sweet Potato Queens' Book of Love,JILL CONNER BROWNE,1999,Three Rivers Press
0345439104,Drowning Ruth (Oprah's Book Club),CHRISTINA SCHWARZ,2001,Ballantine Books
0425180638,The Last Precinct,Patricia Cornwell,2001,Berkley Publishing Group
0312924801,September,Rosamunde Pilcher,1991,St. Martin's Press
0316693251,Roses Are Red,James Patterson,2000,Little Brown and Company
0679735909,Possession : A Romance,A.S. BYATT,1991,Vintage
0449221490,L Is for Lawless,Sue Grafton,1996,Fawcett Books
042513699X,Turtle Moon,Alice Hoffman,1993,Berkley Publishing Group
0345387651,The Cider House Rules,John Irving,1994,Ballantine Books
0679444815,Timeline,Michael Crichton,1999,Alfred A. Knopf
0060921145,Animal Dreams,Barbara Kingsolver,1991,Perennial
0425121259,The Servants of Twilight,Dean R. Koontz,1996,Berkley Publishing Group
0743467523,Dreamcatcher,Stephen King,2003,Pocket
0345404114,Sleepers,Lorenzo Carcaterra,1996,Ballantine Books
0671027662,Coast Road: A Novel,Barbara Delinsky,1999,Pocket Books
0345427637,The Angel of Darkness,Caleb Carr,1998,Ballantine Books
0553213105,Pride and Prejudice,Jane Austen,1981,Bantam
0671042572,Jewel (Oprah's Book Club),Bret Lott,1999,Pocket
0451209907,Quentins,Maeve Binchy,2003,Signet Book
0449221512,I Is for Innocent,Sue Grafton,1994,Fawcett Books
1400031362,Morality for Beautiful Girls (No.1 Ladies Detective Agency),Alexander McCall Smith,2002,Anchor
0449223612,N Is for Noose,Sue Grafton,1999,Fawcett Books
0440998050,A Wrinkle in Time,Madeleine L'Engle,1976,Laure Leaf
1565122968,Gap Creek: A Novel,Robert Morgan,2000,Algonquin Books of Chapel Hill
0679745203,The English Patient,Michael Ondaatje,1996,Vintage Books USA
034543479X,A Widow for One Year,JOHN IRVING,2001,Fawcett
0375705198,Amy and Isabelle : A novel,ELIZABETH STROUT,2000,Vintage
0439139600,Harry Potter and the Goblet of Fire (Book 4),J. K. Rowling,2002,Scholastic Paperbacks
0671670689,Dawn (Cutler),V.C. Andrews,1990,Pocket
0446605581,Fat Tuesday,Sandra Brown,1998,Warner Vision
0671011375,Death du Jour,Kathy Reichs,2000,Pocket
0399146253,The Last Precinct,Patricia Daniels Cornwell,2000,Putnam Publishing Group
0553574663,The Grilling Season,Diane Mott Davidson,1998,Bantam Books
0553279378,I Know Why the Caged Bird Sings,MAYA ANGELOU,1983,Bantam
0425083837,The Hunt for Red October,Tom Clancy,1985,Berkley Publishing Group
0553292722,Still Waters,TAMI HOAG,1992,Bantam
0345354621,The Terminal Man,Michael Crichton,1988,Ballantine Books
0440224705,Hard Time (V.I. Warshawski Novels (Paperback)),SARA PARETSKY,2000,Dell
0312983867,Hard Eight : A Stephanie Plum Novel (A Stephanie Plum Novel),Janet Evanovich,2003,St. Martin's Paperbacks
1400031346,The No. 1 Ladies' Detective Agency,Alexander McCall Smith,2002,Anchor (UK)
0316781142,The Last Time They Met : A Novel,Anita Shreve,2001,"Little, Brown"
0425147584,Debt of Honor (Jack Ryan Novels),Tom Clancy,1997,Berkley Publishing Group
0670865796,The Deep End of the Ocean (Oprah's Book Club (Hardcover)),Jacquelyn Mitchard,1996,Penguin USA
0425192725,Q Is for Quarry,Sue Grafton,2003,Berkley Publishing Group
0375412530,Back When We Were Grownups: A Novel,ANNE TYLER,2001,Knopf
0553569031,Gone But Not Forgotten,PHILLIP M. MARGOLIN,1994,Bantam
031298328X,Full Tilt (Janet Evanovich's Full Series),Janet Evanovich,2003,St. Martin's Paperbacks
0345435168,Open House (Oprah's Book Club (Paperback)),Elizabeth Berg,2001,Ballantine Books
0380730847,The Forgotten (Peter Decker &amp; Rina Lazarus Novels (Paperback)),Faye Kellerman,2002,Avon
0440221595,The Glass Lake,Maeve Binchy,1996,Dell
0671038443,The Devil's Teardrop,Jeffery Deaver,2000,Pocket
0440222656,The Horse Whisperer,Nicholas Evans,1996,Dell
0316899984,"River, Cross My Heart",Breena Clarke,1999,Little Brown &amp; Company
014029628X,Girl in Hyacinth Blue,Susan Vreeland,2000,Penguin Books
0064472272,"Angus, Thongs and Full-Frontal Snogging: Confessions of Georgia Nicolson",Louise Rennison,2001,HarperTempest
0553583980,True Blue,Luanne Rice,2002,Bantam Books
0515121843,Sea Swept (Quinn Brothers (Paperback)),Nora Roberts,2001,Jove Books
0312952716,A Simple Plan,Scott Smith,1994,St. Martin's Press
0399147195,P Is for Peril (Kinsey Millhone Mysteries (Hardcover)),Sue Grafton,2001,Putnam Publishing Group
0743206029,On the Street Where You Live : A Novel,Mary Higgins Clark,2001,Simon &amp; Schuster
0316780375,The Weight of Water : A Novel Tag: Author of Resistance and Strange Fits of Passion,Anita Shreve,1998,Back Bay Books
0743436210,Hearts in Atlantis,Stephen King,2001,Pocket
0440236738,Gone for Good,HARLAN COBEN,2003,Dell
0804105820,It Was on Fire When I Lay Down on It,Robert Fulghum,1993,Ivy Books
0446604844,Total Control,David Baldacci,1997,Warner Books
0380817691,Stalker: A Peter Decker and Rina Lazarus Novel,Faye Kellerman,2001,Avon
0553582526,Dust to Dust,TAMI HOAG,2002,Bantam
0141000198,Bridget Jones's Diary,Helen Fielding,2001,Penguin Putnam
0553578316,Sticks &amp; Scones,Diane Mott Davidson,2002,Bantam Books
0446365386,Gone with the Wind,Margaret Mitchell,1993,Warner Books
0671727796,The Color Purple,Alice Walker,1990,Pocket
0373218036,"Truly, Madly Manhattan",Nora Roberts,2003,Silhouette
0553572326,Survival of the Fittest: An Alex Delaware Novel,Jonathan Kellerman,1998,Bantam
0425172546,Southern Cross,Patricia Daniels Cornwell,1999,Berkley Publishing Group
0743235150,Everything's Eventual : 14 Dark Tales,Stephen King,2002,Scribner
0140177396,Of Mice and Men (Penguin Great Books of the 20th Century),John Steinbeck,1993,Penguin Books
0451186923,The Deep End of the Ocean,Jacquelyn Mitchard,1997,New Amer Library
0553280341,B Is for Burglar (Kinsey Millhone Mysteries (Paperback)),Sue Grafton,1986,Bantam
0553280368,C Is for Corpse (Kinsey Millhone Mysteries (Paperback)),Sue Grafton,1987,Bantam
0812570944,What Dreams May Come : A Novel,Richard Matheson,1998,Tor Books
0451176464,Gerald's Game,Stephen King,2001,Signet Book
0671894455,FORREST GUMP (Movie Tie in),Winston Groom,1994,Pocket
0451186362,Rose Madder,Stephen King,2004,Signet Book
0446607657,When the Wind Blows,James Patterson,1999,Warner Vision
0345354613,Eaters of the Dead,MICHAEL CRICHTON,1988,Ballantine Books
0441569595,Neuromancer (Remembering Tomorrow),William Gibson,1995,Ace Books
0425147363,Tom Clancy's Op-Center (Tom Clancy's Op Center (Paperback)),Tom Clancy,1995,Berkley Publishing Group
0380820293,Last Chance Saloon,Marian Keyes,2002,Avon
0553580930,A Man in Full,Tom Wolfe,1999,Bantam
0671024094,The Coffin Dancer (Lincoln Rhyme Novels (Paperback)),Jeffery Deaver,1999,Pocket Books
0312980140,Seven Up (A Stephanie Plum Novel),Janet Evanovich,2002,St. Martin's Paperbacks
0440217563,Voyager,DIANA GABALDON,1994,Dell
0446611778,Last Man Standing,David Baldacci,2002,Warner Vision
014023313X,The Stone Diaries,Carol Shields,1995,Penguin Books
0440207622,Daddy,DANIELLE STEEL,1990,Dell
0375506039,Open House,Elizabeth Berg,2000,Random House Trade
0316788228,The Pilot's Wife,Anita Shreve,2001,"Little, Brown"
0441172717,Dune (Remembering Tomorrow),Frank Herbert,1996,ACE Charter
0743417682,From a Buick 8,Stephen King,2003,Pocket Books
0345441036,Black House,Stephen King,2002,Ballantine Books
0553571885,A Thin Dark Line (Mysteries &amp; Horror),TAMI HOAG,1998,Bantam
034538430X,TickTock,Dean R. Koontz,1997,Ballantine Books
0553576801,The Perfect Husband,LISA GARDNER,1997,Bantam
0373484410,Time And Again,Nora Roberts,2001,Silhouette
0553578022,The Face of Deception,Iris Johansen,1999,Bantam Books
0449219364,G Is for Gumshoe (Kinsey Millhone Mysteries (Paperback)),Sue Grafton,1991,Fawcett Books
0743227441,The Other Boleyn Girl,Philippa Gregory,2002,Touchstone
0553275976,The Bonfire of the Vanities,Tom Wolfe,1988,Bantam Books
0140092323,Lake Wobegon days,Garrison Keillor,1986,Penguin Books
0553582127,The Search,Iris Johansen,2001,Bantam Books
0553578308,Tough Cookie,Diane Mott Davidson,2001,Bantam Books
0425192733,Portrait of a Killer: Jack the Ripper-- Case Closed (Berkley True Crime),Patricia Cornwell,2003,Berkley Publishing Group
0767915054,A Girl Named Zippy: Growing Up Small in Mooreland Indiana (Today Show Book Club #3),HAVEN KIMMEL,2002,Broadway Books
0452284449,The Virgin Blue,Tracy Chevalier,2003,Plume Books
0446610542,The Bachelor (Warner Books Contemporary Romance),Carly Phillips,2002,Warner Forever
0425132951,The House of Thunder,Dean R. Koontz,1993,Berkley Publishing Group
0451188454,The Bone Collector (Lincoln Rhyme Novels (Paperback)),Jeff Deaver,2004,Signet Book
1558745718,Chicken Soup for the Pet Lover's Soul (Chicken Soup for the Soul),Jack Canfield,1998,Health Communications
0345413881,Dr. Death (Alex Delaware Novels (Paperback)),Jonathan Kellerman,2001,Ballantine Books
0451163966,One Flew Over the Cuckoo's Nest,Ken Kesey,1989,Signet Book
0525946829,Quentins,Maeve Binchy,2002,Dutton Books
0312986343,Visions of Sugar Plums: A Stephanie Plum Holiday Novel,Janet Evanovich,2004,St. Martin's Paperbacks
0446530077,Find Me,Rosie O'Donnell,2002,Warner Books
0451170385,Four Past Midnight,Stephen King,2001,Signet Book
0425151875,Tom Clancy's Op-Center: Games of State (Tom Clancy's Op Center (Paperback)),Tom Clancy,1996,Berkley Publishing Group
006016848X,"Men Are from Mars, Women Are from Venus: A Practical Guide for Improving Communication and Getting What You Want in Your Relationships",John Gray,1992,HarperCollins Publishers
0671727583,Smart Women,Judy Blume,1990,Pocket Books
0440212561,Outlander,DIANA GABALDON,1992,Dell
0515133302,Hemlock Bay,Catherine Coulter,2002,Jove Books
0684801523,The Great Gatsby,F. Scott Fitzgerald,1995,Scribner
042510107X,Red Storm Rising,Tom Clancy,1997,Berkley Publishing Group
043936213X,Harry Potter and the Sorcerer's Stone (Book 1),J. K. Rowling,2001,Scholastic
0312966806,Tell Me Lies (Tell Me Lies),Jennifer Crusie,1999,St. Martin's Press
0688177859,"Ahab's Wife: Or, The Star-Gazer: A Novel",Sena Jeter Naslund,2000,Perennial
0553573136,Couplehood,PAUL REISER,1995,Bantam
0451204530,Code to Zero,Ken Follett,2001,Signet Book
0446603716,Hide &amp; Seek,James Patterson,1996,Warner Books
0743460529,Daddy's Little Girl,Mary Higgins Clark,2003,Pocket
0373825013,"Whirlwind (Tyler, Book 1)",Nancy Martin,1992,Harlequin
0671880314,Schindler's List,Thomas Keneally,1993,Touchstone
038550120X,A Painted House,JOHN GRISHAM,2001,Doubleday
0345452569,A Cold Heart (Alex Delaware Novels (Paperback)),JONATHAN KELLERMAN,2003,Ballantine Books
0385502532,Drowning Ruth,Christina Schwarz,2000,Doubleday
0553263226,The Bourne Supremacy,Robert Ludlum,1987,Bantam
0373218397,Summer Pleasures,Nora Roberts,2002,Silhouette
0425179885,The Devil's Code,John Sandford,2004,Berkley Publishing Group
0375703063,A Virtuous Woman (Oprah's Book Club (Paperback)),Kaye Gibbons,1997,Vintage Books
076790592X,"Tuesdays with Morrie: An Old Man, a Young Man, and Life's Greatest Lesson",Mitch Albom,2002,Broadway
0446360589,The Burden of Proof,Scott Turow,1991,Warner Books
0553580221,False Memory,Dean R. Koontz,2000,Bantam Books
0345368754,Foucault's Pendulum,Umberto Eco,1990,Ballantine Books
0446603929,See How They Run,James Patterson,1997,Warner Books
0689817851,Go Ask Alice,Anonymous,1998,Simon Pulse
0312306326,Visions of Sugar Plums,Janet Evanovich,2002,St. Martin's Press
0451169522,Misery,Stephen King,2004,Penguin USA (Paper)
0140179836,The Liar's Club: A Memoir,Mary Karr,1998,Penguin USA (Paper)
044022103X,One True Thing,Anna Quindlen,1995,Dell
0553581554,The Killing Game: Only One Can Win...and the Loser Dies,Iris Johansen,2000,Bantam Books
0451180232,Nightmares &amp; Dreamscapes,Stephen King,2004,Signet Book
0451137965,Thinner,Stephen King,1985,New Amer Library
0425128164,The Voice of the Night,Dean R. Koontz,1996,Berkley Publishing Group
0425107469,Watchers,Dean R. Koontz,1996,Berkley Publishing Group
042510687X,Outbreak,Robin Cook,1991,Berkley Publishing Group
0553580191,Seize the Night,DEAN KOONTZ,1999,Bantam
0451172817,Needful Things,Stephen King,2004,Signet Book
0671886665,A Cry In The Night,Mary Higgins Clark,1993,Pocket
0743211375,From a Buick 8 : A Novel,Stephen King,2002,Scribner
0425130711,Cold Fire,Dean R. Koontz,1996,Berkley Publishing Group
080411868X,"Welcome to the World, Baby Girl!",Fannie Flagg,1999,Ballantine Books
0425145638,Fatal Cure,Robin Cook,1997,Berkley Publishing Group
140003065X,A Fine Balance,Rohinton Mistry,2001,Vintage Books USA
0671011367,Deja Dead,Kathy Reichs,1998,Pocket
0553569910,The Ugly Duckling,Iris Johansen,1997,Bantam Books
0553578685,The Third Victim,LISA GARDNER,2001,Bantam
0743418204,In Her Shoes : A Novel,Jennifer Weiner,2003,Washington Square Press
0060512822,The Poisonwood Bible,Barbara Kingsolver,2003,HarperTorch
0060391626,I Know This Much Is True (Oprah's Book Club),Wally Lamb,1998,Regan Books
0440200563,Fine Things,Danielle Steel,1988,Dell
0671743058,Boy's Life,Robert McCammon,1992,Pocket
0743203631,Gap Creek: The Story Of A Marriage,Robert Morgan,2000,Touchstone
080411109X,The Hundred Secret Senses,Amy Tan,1996,Ivy Books
0553213172,Anne of the Island,Lucy Maud Montgomery,1983,Bantam Classics
0515132136,The Jury,Steve Martini,2002,Jove Books
0805059555,"\O\"" Is for Outlaw""",Sue Grafton,1999,Henry Holt &amp; Company
0312974256,Welcome to Temptation,Jennifer Crusie,2001,St. Martin's Paperbacks
0446608815,Pop Goes the Weasel,James Patterson,2000,Warner Vision
0515128546,Tears of the Moon (Irish Trilogy),Nora Roberts,2000,Jove Books
0670880728,Bridget Jones's Diary,Helen Fielding,1998,Viking Books
0385472943,The Runaway Jury,JOHN GRISHAM,1996,Doubleday
0345422317,The Genesis Code,John Case,1998,Ballantine Books
0451142934,Skeleton Crew,Stephen King,1986,New Amer Library
0446520802,The Notebook,Nicholas Sparks,1996,Warner Books
0515130966,Riptide,Catherine Coulter,2001,Jove Books
0425092917,The Accidental Tourist,Anne Tyler,1994,Berkley Publishing Group
0449911519,Secret History : A Novel,DONNA TARTT,1996,Ballantine Books
0451160525,"The Gunslinger (The Dark Tower, Book 1)",Stephen King,1994,New American Library
1558745157,The Lost Boy: A Foster Child's Search for the Love of a Family,Dave Pelzer,1997,Health Communications
0446675059,The Honk and Holler Opening Soon,Billie Letts,1999,Warner Books
0316781010,Fortune's Rocks: A Novel,Anita Shreve,1999,Back Bay Books
0345404769,Silent Witness,RICHARD NORTH PATTERSON,1997,Ballantine Books
0425163407,Unnatural Exposure,Patricia Daniels Cornwell,1998,Berkley Publishing Group
0671027581,Open Season,Linda Howard,2002,Pocket
1573229725,Fingersmith,Sarah Waters,2002,Riverhead Books
0425136981,Shadowfires,Dean R. Koontz,1994,Berkley Publishing Group
0804115761,Thousand Acres,JANE SMILEY,1996,Ivy Books
0671867091,Remember Me,Mary Higgins Clark,1995,Pocket
0425147517,The Key to Midnight,Dean R. Koontz,1995,Berkley Publishing Group
0345386108,Winter Moon,Dean R. Koontz,1995,Ballantine Books
0446525537,A Walk to Remember,Nicholas Sparks,1999,Warner Books
0670894605,The Secret Life of Bees,Sue Monk Kidd,2002,Viking Books
0380710722,It's Always Something,Gilda Radner,1990,Avon
0451203771,Scarlet Feather,Maeve Binchy,2002,Signet Book
0515124893,Homeport,Nora Roberts,1999,Jove Books
0786867647,Lucky Man: A Memoir,Michael J. Fox,2002,Hyperion
0515133973,Midnight Bayou,Nora Roberts,2004,Jove Books
0345445848,Big Cherry Holler: A Big Stone Gap Novel (Ballantine Reader's Circle),Adriana Trigiani,2002,Ballantine Books
0452281903,A Man Named Dave: A Story of Triumph and Forgiveness,David J. Pelzer,2000,Plume Books
0440201926,Kaleidoscope,Danielle Steel,1988,Dell
0440176484,Secrets,DANIELLE STEEL,1986,Dell
0670894184,Back Roads,Tawni O'Dell,2000,Viking Books
0440236053,Writ of Execution,Perri O'Shaughnessy,2002,Dell Publishing Company
038542017X,"Like Water for Chocolate : A Novel in Monthly Installments with Recipes, Romances, and Home Remedies",LAURA ESQUIVEL,1995,Anchor
0553574574,Beach Music,Pat Conroy,1996,Bantam Books
0061097101,The Saving Graces: A Novel,Patricia Gaffney,2000,HarperTorch
0425155404,Invasion,Robin Cook,1997,Berkley Publishing Group
0399149155,Q Is for Quarry,Sue Grafton,2002,Putnam Publishing Group
0767905202,Mr. Maybe,Jane Green,2002,Broadway Books
0688170528,The Pact: A Love Story,Jodi Picoult,1999,Quill
0060740450,One Hundred Years of Solitude (Oprah's Book Club),Gabriel Garcia Marquez,2004,Perennial
0449910237,Moo,Jane Smiley,1996,Ballantine Books
0425150143,Tom Clancy's Op-Center: Mirror Image (Tom Clancy's Op Center (Paperback)),Tom Clancy,1995,Berkley Publishing Group
0061096113,Mistaken Identity,Lisa Scottoline,2000,HarperTorch
0345413865,Billy Straight : A Novel,JONATHAN KELLERMAN,1999,Ballantine Books
0446609404,Cradle and All,James Patterson,2001,Warner Vision
0449203794,Space,James A. Michener,1988,Fawcett Books
1573221937,How to Be Good,Nick Hornby,2001,Riverhead Books
0385503954,Atonement: A Novel,Ian McEwan,2002,Nan A. Talese
0842329242,Nicolae: The Rise of Antichrist (Left Behind No. 3),Tim F. Lahaye,1998,Tyndale House Publishers
0425146413,Night Prey,John Sandford,2004,Berkley Publishing Group
0440225825,Move to Strike,Perri O'Shaughnessy,2001,Island
0679731725,The Remains of the Day (Vintage International),Kazuo Ishiguro,1993,Vintage Books USA
015100692X,The Crimson Petal and the White,Michel Faber,2002,Harcourt
0671741187,Where Are the Children?,Mary Higgins Clark,1992,Pocket
0842329269,Apollyon: The Destroyer Is Unleashed (Left Behind No. 5),Jerry Jenkins,2000,Tyndale House Publishers
0312265859,Hard Eight : A Stephanie Plum Novel (A Stephanie Plum Novel),Janet Evanovich,2002,St. Martin's Press
0812543262,Relic,Douglas Preston,2003,Tor Books
0425151867,Acceptable Risk,Robin Cook,1996,Berkley Publishing Group
0312982518,The Sigma Protocol,Robert Ludlum,2002,St. Martin's Paperbacks
0446609943,The Switch,Sandra Brown,2001,Warner Vision
042518286X,Shock,Robin Cook,2002,Berkley Publishing Group
0553250426,The Clan of the Cave Bear (Earth's Children (Paperback)),Jean M. Auel,1984,Bantam Books
0373243286,"Irish Rebel (Special Edition, 1328)",Nora Roberts,2000,Silhouette
0446363251,"Scarlett : The Sequel to Margaret Mitchell's \Gone With the Wind\""""",Alexandra Ripley,1992,Warner Books
051512219X,Small Town Girl,Lavyrle Spencer,1998,Jove Books
0671525743,Night Whispers,Judith McNaught,1999,Pocket
0553278029,A Great Deliverance,Elizabeth George,1989,Bantam Books
0440223202,Evening Class,Maeve Binchy,1998,Dell Publishing Company
0140042598,On the Road,Jack Kerouac,1991,Penguin Books
0446364800,The General's Daughter,Nelson DeMille,1993,Warner Books
0553265741,Sacred Sins,Nora Roberts,1990,Bantam Books
014100018X,Chocolat,Joanne Harris,2000,Penguin Books
0446356832,The Sands of Time,Sidney Sheldon,1989,Warner Books
0553583441,Touching Evil,Kay Hooper,2001,Bantam Books
0786817070,"Artemis Fowl (Artemis Fowl, Book 1)",Eoin Colfer,2002,Miramax Kids
0316779423,Barrel Fever : Stories and Essays (Barrel Fever),David Sedaris,1995,Back Bay Books
0671776134,Plain Truth,Jodi Picoult,2001,Washington Square Press
0345447867,The Apprentice,Tess Gerritsen,2003,Ballantine Books
0440213290,The Copper Beech,Maeve Binchy,1993,Dell
0515136379,Key of Knowledge (Key Trilogy (Paperback)),Nora Roberts,2003,Jove Books
0515136530,"Key of Valor (Roberts, Nora. Key Trilogy, 3.)",Nora Roberts,2003,Jove Pubns
051513628X,Key of Light (Key Trilogy (Paperback)),Nora Roberts,2003,Jove Books
0671693816,Wifey,Judy Blume,1989,Pocket
0440498058,A Wrinkle In Time,MADELEINE L'ENGLE,1998,Yearling
0452282195,The Bluest Eye,Toni Morrison,2000,Plume Books
0446343455,Tourist Season,Carl Hiaasen,1987,Warner Books
0060096195,The Boy Next Door,Meggin Cabot,2002,Avon Trade
0373483503,Macgregor Brides (Macgregors),Nora Roberts,1997,Silhouette
0515122734,Sanctuary,Nora Roberts,2004,Jove Books
0842329250,Soul Harvest: The World Takes Sides (Left Behind No. 4),Tim Lahaye,1999,Tyndale House Publishers
0375500510,Black and Blue : A Novel,ANNA QUINDLEN,1998,Random House
0373484429,Reflections And Dreams,Nora Roberts,2001,Silhouette
0425183971,Reunion in Death,J. D. Robb,2002,Berkley Publishing Group
0425189031,Portrait in Death,Nora Roberts,2003,Berkley Publishing Group
0385720955,The Blind Assassin,Margaret Atwood,2001,Anchor Books/Doubleday
0316777722,Me Talk Pretty One Day,David Sedaris,2000,"Little, Brown"
0679723161,Lolita (Vintage International),VLADIMIR NABOKOV,1989,Vintage
0679744398,"All the Pretty Horses (The Border Trilogy, Vol 1)",CORMAC MCCARTHY,1993,Vintage
0156028778,The Crimson Petal and the White,Michel Faber,2003,Harvest Books
0446667900,A Darkness More Than Night,Michael Connelly,2002,Warner Vision
0446604232,Exclusive,Sandra Brown,1997,Warner Books
0446611085,Suzanne's Diary for Nicholas,James Patterson,2003,Warner Books
0440224594,The Return Journey,MAEVE BINCHY,1999,Dell
0553569155,Seinlanguage,Jerry Seinfeld,1995,Bantam Books
034536676X,The World According to Garp,John Irving,1994,Ballantine Books
0743437802,The Stone Monkey (Lincoln Rhyme Novels (Paperback)),Jeffery Deaver,2003,Pocket
0515126772,Jewels of the Sun (Irish Trilogy),Nora Roberts,2004,Jove Books
0679735771,American Psycho (Vintage Contemporaries),Bret Easton Ellis,2000,Vintage Books USA
067100042X,Silent Night : A Christmas Suspense Story,Mary Higgins Clark,1996,Pocket
0425140032,Dragon Tears,Dean R. Koontz,1995,Berkley Publishing Group
0312201656,I Capture the Castle,Dodie Smith,1999,St. Martin's Griffin
0449219461,H Is for Homicide (Kinsey Millhone Mysteries (Paperback)),Sue Grafton,1993,Fawcett Books
0316678104,Fortune's Rocks : A Novel,Anita Shreve,2001,Back Bay Books
0671741195,The Cradle Will Fall,Mary Higgins Clark,1991,Pocket
0345386132,Eyes of a Child,Richard North Patterson,1996,Ballantine Books
0887307876,"The Dilbert Principle: A Cubicle'S-Eye View of Bosses, Meetings, Management Fads &amp; Other Workplace Afflictions",Scott Adams,1996,HarperBusiness
0312978383,Winter Solstice,Rosamunde Pilcher,2001,St. Martin's Paperbacks
0425158632,Executive Orders (Jack Ryan Novels),Tom Clancy,1997,Berkley Publishing Group
0425132048,Eyes of Prey,John Sandford,2004,Berkley Publishing Group
0446606189,Cat &amp; Mouse (Alex Cross Novels),James Patterson,1998,Warner Books
0385315236,The Horse Whisperer,Nicholas Evans,1995,Delacorte Press
0374199698,Middlesex: A Novel,Jeffrey Eugenides,2002,"Farrar, Straus and Giroux"
0345384377,Sole Survivor,DEAN KOONTZ,1997,Ballantine Books
0446602620,Blood Work,Michael Connelly,1998,Warner Books
044900371X,The Orchid Thief (Ballantine Reader's Circle),Susan Orlean,2000,Ballantine Books
0425174271,Certain Prey,John Sandford,2000,Berkley Publishing Group
0425189864,Mortal Prey,John Sandford,2003,Berkley Publishing Group
0425109720,Patriot Games (Jack Ryan Novels),Tom Clancy,1992,Berkley Publishing Group
0440203856,Zoya,Danielle Steel,1989,Dell
0515124214,Inner Harbor (Quinn Brothers (Paperback)),Nora Roberts,2001,Jove Books
0373244487,Cordina's Crown Jewel,Nora Roberts,2002,Silhouette
0446350982,Presumed Innocent,Scott Turow,1988,Warner Books
006109921X,Up Island: A Novel,Anne Rivers Siddons,1998,HarperTorch
0345397819,Lasher: Lives of the Mayfair Witches (Lives of the Mayfair Witches),Anne Rice,1995,Ballantine Books
0451169514,It,Stephen King,1997,Signet Book
0312971125,Crazy for You,Jennifer Crusie,2000,St. Martin's Press
0451192001,How Stella Got Her Groove Back,Terry McMillan,1997,Signet Book
051511992X,That Camden Summer,Lavyrle Spencer,1997,Jove Books
0446603589,Absolute Power,David Baldacci,1996,Warner Books
0451197747,The Deep End of the Ocean,Jacquelyn Mitchard,1999,Signet Book
067169507X,SEAT OF THE SOUL,Gary Zukav,1990,Free Press
0671014919,My Gal Sunday,Mary Higgins Clark,2003,Pocket
0451207521,Jackdaws,Ken Follett,2002,Signet Book
0425178765,Easy Prey,John Sandford,2001,Berkley Publishing Group
0449223604,M Is for Malice,Sue Grafton,1998,Fawcett Books
0345444884,The Talisman,STEPHEN KING,2001,Ballantine Books
0060008032,Angels,Marian Keyes,2003,HarperTorch
0446608602,Personal Injuries,Scott Turow,2000,Warner Vision
0425172996,Vector,Robin Cook,2000,Berkley Publishing Group
0446604402,The Laws of Our Fathers,Scott Turow,1997,Warner Books
0515135739,Eleventh Hour: An FBI Thriller (FBI Thriller (Jove Paperback)),Catherine Coulter,2004,Jove Books
0743418131,Deck the Halls (Holiday Classics),Mary Higgins Clark,2002,Pocket
0440217490,A Dangerous Fortune,Ken Follett,1994,Island
